{
  "images": [
    {
      "scale": "2x",
      "size": "20x20",
      "idiom": "iphone",
      "filename": "40.png"
    },
    {
      "scale": "3x",
      "size": "20x20",
      "idiom": "iphone",
      "filename": "60.png"
    },
    {
      "scale": "2x",
      "size": "29x29",
      "idiom": "iphone",
      "filename": "58.png"
    },
    {
      "scale": "3x",
      "size": "29x29",
      "idiom": "iphone",
      "filename": "87.png"
    },
    {
      "scale": "2x",
      "size": "40x40",
      "idiom": "iphone",
      "filename": "80.png"
    },
    {
      "scale": "3x",
      "size": "40x40",
      "idiom": "iphone",
      "filename": "120.png"
    },
    {
      "scale": "2x",
      "size": "60x60",
      "idiom": "iphone",
      "filename": "1201.png"
    },
    {
      "scale": "3x",
      "size": "60x60",
      "idiom": "iphone",
      "filename": "180.png"
    },
    {
      "scale": "1x",
      "size": "20x20",
      "idiom": "ipad",
      "filename": "20.png"
    },
    {
      "scale": "2x",
      "size": "20x20",
      "idiom": "ipad",
      "filename": "401.png"
    },
    {
      "scale": "1x",
      "size": "29x29",
      "idiom": "ipad",
      "filename": "29.png"
    },
    {
      "scale": "2x",
      "size": "29x29",
      "idiom": "ipad",
      "filename": "581.png"
    },
    {
      "scale": "1x",
      "size": "40x40",
      "idiom": "ipad",
      "filename": "402.png"
    },
    {
      "scale": "2x",
      "size": "40x40",
      "idiom": "ipad",
      "filename": "801.png"
    },
    {
      "scale": "1x",
      "size": "76x76",
      "idiom": "ipad",
      "filename": "76.png"
    },
    {
      "scale": "2x",
      "size": "76x76",
      "idiom": "ipad",
      "filename": "152.png"
    },
    {
      "scale": "2x",
      "size": "83.5x83.5",
      "idiom": "ipad",
      "filename": "167.png"
    },
    {
      "scale": "1x",
      "size": "1024x1024",
      "idiom": "ios-marketing",
      "filename": "1024.png"
    }
  ],
  "properties": {},
  "info": {
    "version": 1,
    "author": "xcode"
  }
}